,precision,recall,f1-score,support
Detractor,0.6264044943820225,1.0,0.7702936096718481,669.0
Neutral,0.0,0.0,0.0,197.0
Promoter,0.0,0.0,0.0,204.0
accuracy,,,0.625233644859813,1070.0
macro avg,0.20880149812734083,0.3333333333333333,0.2567645365572827,1070.0
weighted avg,0.39164916517904025,0.625233644859813,0.4816134811873518,1070.0
